node_uuid,creator,titleproper,extent,label,type,date,format,rights_statements,identifier
03da5dfa-96a5-4de7-9e94-bc96ac6b5e39,"Curtis, Chas. G.","Correspondence from Chas. G. Curtis to E.W. Rice, Jr., February 27, 1905",3 pages,"Correspondence from Chas. G. Curtis to E.W. Rice, Jr., February 27, 1905",Archive Component,1905-02-27,application/pdf,No Copyright - United States,ZWU_SCA0142_19050227
3faa7b40-4754-408b-b156-45bcbf1d6343,"Rice, Edwin W., Jr.","Correspondence from E.W. Rice Jr., to Chas. G. Curtis, March 3, 1905",2 pages,"Correspondence from E.W. Rice Jr., to Chas. G. Curtis, March 3, 1905",Archive Component,1905-03-03,application/pdf,No Copyright - United States,ZWU_SCA0142_19050303
2f760a25-629e-4918-a735-01cca47e464f,"Steinmetz, Charles Proteus","A Heavy Vapor Turbine, handwritten",6 pages,"A Heavy Vapor Turbine, handwritten",Archive Component,1906-05-20,application/pdf,No Copyright - United States,ZWU_SCA0142_19060520
a808e3ef-9f54-49a7-ab21-6debf47f1d3b,"Steinmetz, Charles Proteus","Correspondence from Steinmetz to Arturo Giovannitti, February 1915, unsigned",5 pages,"Correspondence from Steinmetz to Arturo Giovannitti, February 1915, unsigned",Archive Component,1915-02-26,application/pdf,No Copyright - United States,ZWU_SCA0142_19150226_01
7dbc150f-9fd1-4b63-9805-01de22721eeb,"Steinmetz, Charles Proteus","The Open Door in China, handwritten draft",5 pages,"The Open Door in China, handwritten draft",Archive Component,1915-02-27,application/pdf,No Copyright - United States,ZWU_SCA0142_19150227
582a4637-0ff5-4f19-992d-e819c5467748,"Davis, Charles Henry","Correspondence from Charles Henry Davis to Steinmetz, 1915",1 page,"Correspondence from Charles Henry Davis to Steinmetz, 1915",Archive Component,1915-03-03,application/pdf,No Copyright - United States,ZWU_SCA0142_19150303
a3525ff9-599b-45f1-af58-39db38cac481,"Steinmetz, Charles Proteus","American Potash Famine, Editorial for the National Editorial Service with Correspondence",10 pages,"American Potash Famine, Editorial for the National Editorial Service with Correspondence",Archive Component,1915-03-11,application/pdf,No Copyright - United States,ZWU_SCA0142_19150311
4dedcdab-c640-4981-a805-ceb1888c4734,"Steinmetz, Charles Proteus","Correspondence from Steinmetz to Charles Henry Davis, 1915, with edits and unsigned",3 pages,"Correspondence from Steinmetz to Charles Henry Davis, 1915, with edits and unsigned",Archive Component,1915-03-05,application/pdf,No Copyright - United States,ZWU_SCA0142_19150505
9877d52c-16bd-4293-95c4-fcdb0e48c2da,"Steinmetz, Charles Proteus","Correspondence between David E. Goe and Charles Steinmetz, April 26, 1918",1 page,"Correspondence between David E. Goe and Charles Steinmetz, April 26, 1918",Archive Component,1918-04-26,application/pdf,No Copyright - United States,ZWU_SCA0142_19180426
c13ea638-da7a-457b-b8fb-b0fb3521bc17,Unknown,"Correspondence to F.C. Pratt about Laboratories, 1918",9 pages,"Correspondence to F.C. Pratt about Laboratories, 1918",Archive Component,1918-12-09,application/pdf,No Copyright - United States,ZWU_SCA0142_19181209
4649b6d4-8b9f-4cfd-bcc6-bdb8c95ff592,"Hartman, Lee Foster","Correspondence from Editorial Rooms, Harper's Magazine, April 1921",1 page,"Correspondence from Editorial Rooms, Harper's Magazine, April 1921",Archive Component,1921-04-25,application/pdf,No Copyright - United States,ZWU_SCA0142_19210425
dc4371aa-f903-44f5-8839-efc58162349a,"Hartman, Lee Foster","Correspondence from Editorial Rooms, Harper's Magazine, June 1921",2 pages,"Correspondence from Editorial Rooms, Harper's Magazine, June 1921",Archive Component,1921-06-08,application/pdf,No Copyright - United States,ZWU_SCA0142_19210608
af6b170f-9673-4a30-b5a9-f4dda73ad417,"Steinmetz, Charles Proteus","Correspondence to Lee Foster Hartman of Harper's Magazine from Steinmetz, July 1921",4 pages,"Correspondence to Lee Foster Hartman of Harper's Magazine from Steinmetz, July 1921",Archive Component,1921-07-21,application/pdf,No Copyright - United States,ZWU_SCA0142_19210721
8d55397a-e1bf-495f-88c8-c3f6c9f11f26,"Hartman, Lee Foster","Correspondence from Editorial Rooms, Harper's Magazine, September 1921",2 pages,"Correspondence from Editorial Rooms, Harper's Magazine, September 1921",Archive Component,1921-09-09,application/pdf,No Copyright - United States,ZWU_SCA0142_19210909
97304312-5445-4391-8ccc-869889e49064,"Hartman, Lee Foster","Correspondence from Editorial Rooms, Harper's Magazine, November 1921",2 pages,"Correspondence from Editorial Rooms, Harper's Magazine, November 1921",Archive Component,1921-11-23,application/pdf,No Copyright - United States,ZWU_SCA0142_19211123
14bb0d6c-514b-4362-8262-f0d15c37e2da,"Steinmetz, Charles Proteus","Correspondence to Ernest Caldecott regarding the Possible Editorial ""Industrial Cooperation"" from Steinmetz, 1922",1 page,"Correspondence to Ernest Caldecott regarding the Possible Editorial ""Industrial Cooperation"" from Steinmetz, 1922",Archive Component,1922-11-27,application/pdf,No Copyright - United States,ZWU_SCA0142_19221127
423423df-eb28-4812-9612-53b0308eaf8f,"Steinmetz, Charles Proteus","Possible Editorial on the American President by Steinmetz, 1916",1 page,"Possible Editorial on the American President by Steinmetz, 1916",Archive Component,1916-10-21,application/pdf,No Copyright - United States,ZWU_SCA0142_AmericanPresident_19161021
236ed7aa-e77c-4365-8164-6bf40f2ed4e6,"Steinmetz, Charles Proteus",Check for $399.14 from Charles Steinmetz to J.H. Piernardi,1 page,Check for $399.14 from Charles Steinmetz to J.H. Piernardi,Archive Component,1904-04-19,application/pdf,No Copyright - United States,ZWU_SCA0142_Check_19040419
61a9552d-307c-499a-90a3-3770a21f9338,"Steinmetz, Charles Proteus","Comments on Edison, with Pencilled in note, ""For N.Y. Times, Sunday Ed.""",5 pages,"Comments on Edison, with Pencilled in note, ""For N.Y. Times, Sunday Ed.""",Archive Component,1915-02-27,application/pdf,No Copyright - United States,ZWU_SCA0142_COMMENTSONEDISON_19150227_04
5683f8aa-c7cf-40d3-8ebb-fd75aa6a3638,"Steinmetz, Charles Proteus","Conservation, with edits",4 pages,"Conservation, with edits",Archive Component,1915-03-22,application/pdf,No Copyright - United States,ZWU_SCA0142_CONSERVATION_19150322_02
0a42bdec-6d7a-4939-8d39-0ab793ef230d,"Steinmetz, Charles Proteus","Cooperation, with edits",3 pages,"Cooperation, with edits",Archive Component,1917-01-15,application/pdf,No Copyright - United States,ZWU_SCA0142_COOPERATION_19170115
4bc2563f-2e5f-47ca-a234-8bc0cae06f55,"Steinmetz, Charles Proteus","Discussion of ""Fixation of Atmospheric Nitrogen"" by Leland L. Summers by Steinmetz",3 pages,"Discussion of ""Fixation of Atmospheric Nitrogen"" by Leland L. Summers by Steinmetz",Archive Component,1915-03-11,application/pdf,No Copyright - United States,ZWU_SCA0142_DISCUSSIONOFFIXATIONOFATMOSPHERICNITROGEN_19150311
0b636e5b-1b73-4fbf-a5e9-20d134fb34dc,"Steinmetz, Charles Proteus",Text of a Speech Given by Steinmetz at the Tenth Anniversary of the Illuminating Engineering Society to Indtroduce Thomas Edison as a Speaker,4 pages,Text of a Speech Given by Steinmetz at the Tenth Anniversary of the Illuminating Engineering Society to Indtroduce Thomas Edison as a Speaker,Archive Component,1916-02-10,application/pdf,No Copyright - United States,ZWU_SCA0142_EDISON_19160210
719956a2-a76c-4cfb-a568-18a3bf1aa18f,"Steinmetz, Charles Proteus","Brief Note Regarding Einstein's Theory of Relativity, probably suggested editorial for the National Editorial service, 1915",1 page,"Brief Note Regarding Einstein's Theory of Relativity, probably suggested editorial for the National Editorial service, 1915",Archive Component,1915-01-01,application/pdf,No Copyright - United States,ZWU_SCA0142_EINSTEINSTHEORYOFRELATIVITY_undated
75e7a41f-9994-46ef-9147-9d264e3fa58a,"Steinmetz, Charles Proteus","Brief Note Regarding Electricity and Civilization, probably suggested editorial for the National Editorial service, 1915",1 page,"Brief Note Regarding Electricity and Civilization, probably suggested editorial for the National Editorial service, 1915",Archive Component,1915-01-01,application/pdf,No Copyright - United States,ZWU_SCA0142_ELECTRICITYANDCIVILIAZATION_undated
155c41ae-877e-4c71-a095-99dcf17c5350,"Steinmetz, Charles Proteus","Electrification of Russia with pencil marks, 1922",4 pages,"Electrification of Russia with pencil marks, 1922",Archive Component,1922-08-01,application/pdf,No Copyright - United States,ZWU_SCA0142_ELECTRIFICATIONOFRUSSIA_19220800
bfc19883-46a4-4b48-aade-50eb36554e89,"Steinmetz, Charles Proteus","From Competition to Cooperation by Steinmetz, dated July 19, 1921",14 pages,"From Competition to Cooperation by Steinmetz, dated July 19, 1921",Archive Component,1921-07-19,application/pdf,No Copyright - United States,ZWU_SCA0142_FROMCOMPETITIONTOCOOPERATION_19210719
b8b15f2c-65b8-4cf7-9da4-c7fff491dacd,"Steinmetz, Charles Proteus","From Competition to Cooperation by Steinmetz, with cover, dated July 22, 1921",16 pages,"From Competition to Cooperation by Steinmetz, with cover, dated July 22, 1921",Archive Component,1921-07-22,application/pdf,No Copyright - United States,ZWU_SCA0142_FROMCOMPETITIONTOCOOPERATION_19210722
4600bc26-0707-49d6-85d5-9eebeeaf426d,"Steinmetz, Charles Proteus",Charles Steinmetz's Views on the German Point of View of WWI,3 pages,Charles Steinmetz's Views on the German Point of View of WWI,Archive Component,1915-01-04,application/pdf,No Copyright - United States,ZWU_SCA0142_GERMANPOINTOFVIEWONTHEWAR_19150104
fcd9ffef-5ee6-472f-acfc-3b12b0239420,"Steinmetz, Charles Proteus","Industrial Cooperation, Speech Given in Philadelphia, PA",9 pages,"Industrial Cooperation, Speech Given in Philadelphia, PA",Archive Component,1915-01-01,application/pdf,No Copyright - United States,ZWU_SCA0142_INDUSTRIALCOOPERATION_00000000
7dbcbb30-8142-4078-9a66-1de273e8fc44,"Steinmetz, Charles Proteus",Industrial Cooperation Possible Editorial with Extracts from Two Addresses by Steinmetz,8 pages,Industrial Cooperation Possible Editorial with Extracts from Two Addresses by Steinmetz,Archive Component,1915-01-01,application/pdf,No Copyright - United States,ZWU_SCA0142_INDUSTRIALCOOPERATION_00000000_01
cdf0c249-9b69-4e08-9cb4-8038c0f93aab,"Steinmetz, Charles Proteus","Industrial Cooperation Possible Editorial, 1914",4 pages,"Industrial Cooperation Possible Editorial, 1914",Archive Component,1914-06-01,application/pdf,No Copyright - United States,ZWU_SCA0142_INDUSTRIALCOOPERATION_19140600_03
ba883ee6-a57d-4b4d-844e-d55db12569a5,"Steinmetz, Charles Proteus","Industrial Cooperation Possible Editorial, 1923",20 pages,"Industrial Cooperation Possible Editorial, 1923",Archive Component,1923-03-01,application/pdf,No Copyright - United States,ZWU_SCA0142_INDUSTRIALCOOPERATION_19230300
7bc159c9-eeb2-4a29-b823-930b4b05faa4,"Steinmetz, Charles Proteus","International Law and the War Possible Editorial, 1915",3 pages,"International Law and the War Possible Editorial, 1915",Archive Component,1915-03-23,application/pdf,No Copyright - United States,ZWU_SCA0142_INTERNATIONALLAWANDWAR_19150323_01
fcbe5a57-8798-42da-a1a3-758c632ef01e,"Steinmetz, Charles Proteus","Brief Note Regarding Lightning, probably suggested editorial for the National Editorial service, 1915",1 page,"Brief Note Regarding Lightning, probably suggested editorial for the National Editorial service, 1915",Archive Component,1915-01-01,application/pdf,No Copyright - United States,ZWU_SCA0142_LIGHTNING_00000000
36f197a3-191a-43af-a4ef-310712aba086,"Steinmetz, Charles Proteus","Memorandum on Invention and Development, 1919",4 pages,"Memorandum on Invention and Development, 1919",Archive Component,1919-01-07,application/pdf,No Copyright - United States,ZWU_SCA0142_MEMORENDUMONINVENTIONANDDEVELOPMENT_19190107
adfb5989-c9a7-48b1-9e68-606071827894,"Steinmetz, Charles Proteus","Mobilizing Niagara, 1918",3 pages,"Mobilizing Niagara, 1918",Archive Component,1918-02-07,application/pdf,No Copyright - United States,ZWU_SCA0142_MOBILIZINGNIAGARA_19180207
26912f59-bf65-46b2-971b-c03a7a2b7e71,"Steinmetz, Charles Proteus","Our Civilization, 1923",2 pages,"Our Civilization, 1923",Archive Component,1923-02-05,application/pdf,No Copyright - United States,ZWU_SCA0142_OURCIVILIZATION_19230205_01
62df3cf0-b936-4c13-be71-b6362da7701a,"Steinmetz, Charles Proteus","Our Industrial Age, Possible Editorial, Copy 1",6 pages,"Our Industrial Age, Possible Editorial, Copy 1",Archive Component,1923-02-07,application/pdf,No Copyright - United States,ZWU_SCA0142_OURINDUSTRIALAGE_19230207_copy1
ff0559f6-2c8a-4f71-8af0-01c928d5b397,"Steinmetz, Charles Proteus","Our Industrial Age, Possible Editorial, Copy 2",6 pages,"Our Industrial Age, Possible Editorial, Copy 2",Archive Component,1923-02-07,application/pdf,No Copyright - United States,ZWU_SCA0142_OURINDUSTRIALAGE_19230207_copy2
36d76c7a-9d98-4e1d-a447-479830742dac,"Steinmetz, Charles Proteus","Our Industrial System, Possible Editorial",3 pages,"Our Industrial System, Possible Editorial",Archive Component,1914-10-13,application/pdf,No Copyright - United States,ZWU_SCA0142_OURINDUSTRYSYSTEM_19141013
ce9d16e4-1473-41f0-9772-c884b0dbe316,"Steinmetz, Charles Proteus","Our National Defense, Possible Editorial, Copy 2",9 pages,"Our National Defense, Possible Editorial, Copy 2",Archive Component,1915-10-01,application/pdf,No Copyright - United States,ZWU_SCA0142_OURNATIONALDEFENSE_19151000
66a70b13-4e61-45fe-9aaa-5d5ab34dd96f,"Steinmetz, Charles Proteus","Our National Defense, Possible Editorial, Copy 1",9 pages,"Our National Defense, Possible Editorial, Copy 1",Archive Component,1915-10-12,application/pdf,No Copyright - United States,ZWU_SCA0142_OURNATIONALDEFENSE_19151012
fd986f5d-0256-4065-8188-d03ba4ca9b36,Unknown,Portrait of Charles Steinmetz with his Signature,1 page,Portrait of Charles Steinmetz with his Signature,Archive Component,1920-01-01,application/pdf,No Copyright - United States,ZWU_SCA0142_Portrait_01
bfa5871f-b55f-43ff-bbd0-8dfca00d799a,"Steinmetz, Charles Proteus","Preparedness, Militarism and War, Possible Editorial, Copy 1",19 pages,"Preparedness, Militarism and War, Possible Editorial, Copy 1",Archive Component,1916-08-01,application/pdf,No Copyright - United States,ZWU_SCA0142_PREPAREDNESSMILITARISMANDWAR_19160800_01
4ad6b37c-b71a-44ad-808d-e1b61fb4c55a,"Steinmetz, Charles Proteus","Preparedness, Militarism and War, Possible Editorial, Copy 2",19 pages,"Preparedness, Militarism and War, Possible Editorial, Copy 2",Archive Component,1916-08-01,application/pdf,No Copyright - United States,ZWU_SCA0142_PREPAREDNESSMILITARISMANDWAR_19160800_02
e32b5323-e08f-43c2-8027-2da75fe36488,"Steinmetz, Charles Proteus","Presentation of the Civic Forum Medal to Edison, May 5, 1915",2 pages,"Presentation of the Civic Forum Medal to Edison, May 5, 1915",Archive Component,1915-05-05,application/pdf,No Copyright - United States,ZWU_SCA0142_PRESENTATIONOFTHECIVICFORUMMEDALTOEDISON_19150505_01
43b80180-cc9e-4fe9-8d03-fed1f1bb4df2,"Steinmetz, Charles Proteus","Presentation of the Civic Forum Medal to Edison, May 6, 1915",2 pages,"Presentation of the Civic Forum Medal to Edison, May 6, 1915",Archive Component,1915-05-06,application/pdf,No Copyright - United States,ZWU_SCA0142_PRESENTATIONOFTHECIVICFORUMMEDALTOEDISON_19150506_02
8edf860a-a73b-4efb-94cd-cdd985ab61f1,"Ridder, Victor","Correspondence from Victor Ridder to Charles Steinmetz, 1916",1 page,"Correspondence from Victor Ridder to Charles Steinmetz, 1916",Archive Component,1916-10-20,application/pdf,No Copyright - United States,ZWU_SCA0142_RIDDERVR_119162010
9bd0a162-ba48-49fe-89af-5d56414f6887,"Steinmetz, Charles Proteus","Science and Religion, Possible Editorial with handwritten notes, August 4, 1921",38 pages,"Science and Religion, Possible Editorial with handwritten notes, August 4, 1921",Archive Component,1921-08-04,application/pdf,No Copyright - United States,ZWU_SCA0142_SCIENCEANDRELIGION_19210804
506978d7-5d19-469b-9073-023da245d013,"Steinmetz, Charles Proteus","Science and Religion, Possible Editorial, August 4, 1921",33 pages,"Science and Religion, Possible Editorial, August 4, 1921",Archive Component,1921-08-04,application/pdf,No Copyright - United States,ZWU_SCA0142_SCIENCEANDRELIGION_19210902
e6fa06eb-fc76-479d-8a8f-093031341717,"Steinmetz, Charles Proteus","Science and Religion, Possible Editorial, November 1921",38 pages,"Science and Religion, Possible Editorial, November 1921",Archive Component,1921-11-01,application/pdf,No Copyright - United States,ZWU_SCA0142_SCIENCEANDRELIGION_19211100
ec7e7b3c-b26b-40f8-8b5a-2b0e3dee313a,"Steinmetz, Charles Proteus","Socialism and the War, Possible Editorial, 1915",6 pages,"Socialism and the War, Possible Editorial, 1915",Archive Component,1915-01-25,application/pdf,No Copyright - United States,ZWU_SCA0142_SOCIAALISMANDTHEWAR_19150125_01
27b38644-d0fe-4ea3-90db-bd8e185508db,"Steinmetz, Charles Proteus","Socialism and Invention, Possible Editorial, 1919",10 pages,"Socialism and Invention, Possible Editorial, 1919",Archive Component,1919-09-12,application/pdf,No Copyright - United States,ZWU_SCA0142_SOCIALISMANDINVENTION_19190912
ec0a75dd-88aa-40f1-bc2c-a23c464c10ba,United States Bureau of Engraving and Printing,Charles Steinmetz Stamp from 1983 20c Stamps Honoring American Inventors,1 page,Charles Steinmetz Stamp from 1983 20c Stamps Honoring American Inventors,Archive Component,1983-01-01,application/pdf,No Copyright - United States,ZWU_SCA0142_stamp
45876a12-5911-4f7a-951a-f20c058896f3,"Steinmetz, Charles Proteus","The Map of Europe after the War, Possible Editorial, 1916",4 pages,"The Map of Europe after the War, Possible Editorial, 1916",Archive Component,1916-02-07,application/pdf,No Copyright - United States,ZWU_SCA0142_THE_MAPOFEUROPEAFTERTHEWAR_19160207
cee911da-d328-44c1-9e90-f7cf27ae0347,"Steinmetz, Charles Proteus","The Economic and Esthetic Aspects of the Water Power Development of New York State, Possible Editorial, 1922",4 pages,"The Economic and Esthetic Aspects of the Water Power Development of New York State, Possible Editorial, 1922",Archive Component,1922-12-01,application/pdf,No Copyright - United States,ZWU_SCA0142_THEECONOMICANDESTHETICASPECTS_19221200
d315d3a2-d2fa-4f47-9a46-fc9d6969c60c,"Steinmetz, Charles Proteus","The European War and The American Nation by Steinmetz, Possible Editorial, 1915",4 pages,"The European War and The American Nation by Steinmetz, Possible Editorial, 1915",Archive Component,1915-01-27,application/pdf,No Copyright - United States,ZWU_SCA0142_THEEUROPEANWARANDTHEAMERICANNATION_19150127_03
4859b9c5-ed87-4b7a-b593-39e1488a138d,"Steinmetz, Charles Proteus","The Higher Duty of the United States, Possible Editorial, July 21, 1915",4 pages,"The Higher Duty of the United States, Possible Editorial, July 21, 1915",Archive Component,1915-07-21,application/pdf,No Copyright - United States,ZWU_SCA0142_THEHIGHERDUTYOFTHEUNITEDSTATES_19150721
a5b5e2ce-4c60-4d41-8b0a-482f5101e82d,"Steinmetz, Charles Proteus","The Importance of National Unity, Possible Editorial with Edits, 1917",5 pages,"The Importance of National Unity, Possible Editorial with Edits, 1917",Archive Component,1917-06-12,application/pdf,No Copyright - United States,ZWU_SCA0142_THEIMPORTANCEOFNATIONALUNITY_19170612
2e04887e-5e90-4be7-994b-245b13148e43,"Steinmetz, Charles Proteus","The Influence of the War on Invention by Steinmetz, Possible Editorial, 1915",5 pages,"The Influence of the War on Invention by Steinmetz, Possible Editorial, 1915",Archive Component,1915-01-01,application/pdf,No Copyright - United States,ZWU_SCA0142_THEINFLUENCEOFTHEWARONINVENTION_19150100_03
5c4ae0dc-9fbc-44d3-a6d3-44fbe4c0d4f5,"Steinmetz, Charles Proteus","The Monroe Doctrine, Possible Editorial, 1917",2 pages,"The Monroe Doctrine, Possible Editorial, 1917",Archive Component,1917-01-15,application/pdf,No Copyright - United States,ZWU_SCA0142_THEMONROEDOCTRINE_19170115
99956e6a-c889-41bb-9afa-3cd163e77cf1,"Steinmetz, Charles Proteus","The Odes of Horace as Freshman Latin, Possible Editorial, 1923",2 pages,"The Odes of Horace as Freshman Latin, Possible Editorial, 1923",Archive Component,1923-02-01,application/pdf,No Copyright - United States,ZWU_SCA0142_THEODESOFHORACEASFRESHMANLATIN_192302
7e95b34e-336a-45a7-871e-651f4fcf6c73,"Steinmetz, Charles Proteus","The Open Door in China, Possible Editorial, 1915",4 pages,"The Open Door in China, Possible Editorial, 1915",Archive Component,1915-03-24,application/pdf,No Copyright - United States,ZWU_SCA0142_THEOPENDOORINCHINA_19150324_03
77dc510d-8791-4896-b130-0a4193feb5a7,"Steinmetz, Charles Proteus","The People's War and the International, Possible Editorial, 1915",4 pages,"The People's War and the International, Possible Editorial, 1915",Archive Component,1915-08-17,application/pdf,No Copyright - United States,ZWU_SCA0142_THEPEOPLE_SWARANDTHEINTERNATIONAL_19150817
490ec9ba-fd82-4686-b6c6-8a188e744430,"Steinmetz, Charles Proteus","The Place of Religion in Modern Scientific Civilization, Sermon Given by Charles Steinmetz, 1922",8 pages,"The Place of Religion in Modern Scientific Civilization, Sermon Given by Charles Steinmetz, 1922",Archive Component,1922-11-05,application/pdf,No Copyright - United States,ZWU_SCA0142_THEPLACEOFRELIGIONINMODERNSCIENTIFICCIVILIZATION_19221105
69e05389-523e-4d3c-ad69-c5f2377ac61c,"Steinmetz, Charles Proteus","The Submarine, Possible Editorial, 1915",4 pages,"The Submarine, Possible Editorial, 1915",Archive Component,1915-05-15,application/pdf,No Copyright - United States,ZWU_SCA0142_THESUBMARINE_191150515
aec79a91-cfbd-4112-84f8-68ec2b23f219,"Steinmetz, Charles Proteus","The Value of the Classics in Modern Education, Possible Editorial, Date Unknown",10 pages,"The Value of the Classics in Modern Education, Possible Editorial, Date Unknown",Archive Component,1915-01-01,application/pdf,No Copyright - United States,ZWU_SCA0142_THEVALUEOFTHECLASSICSINMODERNEDUCATION_00000000_02
579a5ce0-01f5-41cd-8688-29c0f365a9e5,"Steinmetz, Charles Proteus","The Wealth of America, National Editorial, 1916",4 pages,"The Wealth of America, National Editorial, 1916",Archive Component,1916-01-03,application/pdf,No Copyright - United States,ZWU_SCA0142_THEWEALTHOFAMERICA_19160103
91a61d2c-2017-4ca9-b984-d974e7637ebc,"Steinmetz, Charles Proteus","Trusts and Corporations, Possible Editorial, 1915",4 pages,"Trusts and Corporations, Possible Editorial, 1915",Archive Component,1915-07-09,application/pdf,No Copyright - United States,ZWU_SCA0142_TRUSTANDCORPORATIONS_19150709
ba02c479-db03-496a-bd05-119e6f9aae08,"Steinmetz, Charles Proteus","War or Arbitration, Possible Editorial, 1915",4 pages,"War or Arbitration, Possible Editorial, 1915",Archive Component,1915-06-24,application/pdf,No Copyright - United States,ZWU_SCA0142_WARORARBITRATION_19150624
c36dca78-37f0-4863-b215-c6dab719a696,"Steinmetz, Charles Proteus","What is Electricity, Possible Editorial With Suggested Illustrations, Date Unknown",5 pages,"What is Electricity, Possible Editorial With Suggested Illustrations, Date Unknown",Archive Component,1915-01-01,application/pdf,No Copyright - United States,ZWU_SCA0142_WHATISELECTRICITY_
ce76a952-003c-4c39-aa6f-f17a71c77425,"Steinmetz, Charles Proteus","What is Socialism, Possible Editorial, Draft, July 11, 1921",3 pages,"What is Socialism, Possible Editorial, Draft, July 11, 1921",Archive Component,1921-07-01,application/pdf,No Copyright - United States,ZWU_SCA0142_WHATISSOCIALISM_19210711
f328e5f3-0dc5-4eaa-a326-c3f138ce9112,"Steinmetz, Charles Proteus","What is Socialism, Possible Editorial with Abstract, July 18, 1921",4 pages,"What is Socialism, Possible Editorial with Abstract, July 18, 1921",Archive Component,1921-07-11,application/pdf,No Copyright - United States,ZWU_SCA0142_WHATISSOCIALISM_19210718
76c5c2f4-acf9-4d5e-8117-16173ca2a68a,"Steinmetz, Charles Proteus","Why America Though Officially Neutral Appears to be Pro-English, for the National Editorial Service, 1915",4 pages,"Why America Though Officially Neutral Appears to be Pro-English, for the National Editorial Service, 1915",Archive Component,1915-01-04,application/pdf,No Copyright - United States,ZWU_SCA0142_WHYAMERICATHOUGHOFFICIALLYNEUTRALAPPEARSTOBEPROENGLISH_19150104