node_uuid,Label,Creator,Creator_Role,Date_Created,physical_location,File_format,Type,Extent,Physical_description,rights_statements,date_digital,local_identifier
ef6993d8-4474-459d-8441-c8be11fa8c48,Page 1,"Jackson, Sheldon, 1834-1909",Compiler,,Box 4 Folder 1,Page,Ephemera,1 page,4.125 x 6.75 in.,No Copyright - United States,12/10/2019,ZWU_SCA0067_B04_F01
22154da5-936c-4039-801a-7cacb2d94216,Page 2- District Government,"Jackson, Sheldon, 1834-1909",Compiler,Unknown,Box 4 Folder 1,Page,Ephemera,1 page,4.125 x 6.75 in.,No Copyright - United States,12/10/2019,ZWU_SCA0067_B04_F01
9d6965b6-e20e-498d-87eb-590c830dbd2d,Page 3- Education Board For Alaska,"Jackson, Sheldon, 1834-1909",Compiler,1887-06-15,Box 4 Folder 1,Page,Ephemera,1 page,4.125 x 6.75 in.,No Copyright - United States,12/10/2019,ZWU_SCA0067_B04_F01
9c6ba35d-27e9-499f-a228-f045865815e0,"Page 4- Department of The Interior, Washington","Jackson, Sheldon, 1834-1909",Compiler,1887-06-15,Box 4 Folder 1,Page,Ephemera,1 page,4.125 x 6.75 in.,No Copyright - United States,12/10/2019,ZWU_SCA0067_B04_F01
af08b343-1917-436a-8eb2-47504a6f5120,Page 5- Rules And Regulations For The Conduct of Public Schools And Education In The Territory Of Alaska,"Jackson, Sheldon, 1834-1909",Compiler,1887-05-17,Box 4 Folder 1,Page,Ephemera,1 page,4.125 x 6.75 in.,No Copyright - United States,12/10/2019,ZWU_SCA0067_B04_F01
43090b6e-77ed-4785-84ef-e9f7b4ab9a80,Page 6,"Jackson, Sheldon, 1834-1909",Compiler,,Box 4 Folder 1,Page,Ephemera,1 page,4.125 x 6.75 in.,No Copyright - United States,12/10/2019,ZWU_SCA0067_B04_F01
c91c231c-df14-4163-9fe6-8ce8c9944f35,Page 7,"Jackson, Sheldon, 1834-1909",Compiler,,Box 4 Folder 1,Page,Ephemera,1 page,4.125 x 6.75 in.,No Copyright - United States,12/10/2019,ZWU_SCA0067_B04_F01
069f6908-c700-4fbe-8115-a7c467521f8b,Page 8,"Jackson, Sheldon, 1834-1909",Compiler,,Box 4 Folder 1,Page,Ephemera,1 page,4.125 x 6.75 in.,No Copyright - United States,12/10/2019,ZWU_SCA0067_B04_F01
3ca315c3-ee5f-4f3d-85f4-5f8586301f12,Page 9,"Jackson, Sheldon, 1834-1909",Compiler,,Box 4 Folder 1,Page,Ephemera,1 page,4.125 x 6.75 in.,No Copyright - United States,12/10/2019,ZWU_SCA0067_B04_F01
0b1a7e5b-e5e2-43ce-991c-8a028d0148ee,Page 10,"Jackson, Sheldon, 1834-1909",Compiler,,Box 4 Folder 1,Page,Ephemera,1 page,4.125 x 6.75 in.,No Copyright - United States,12/10/2019,ZWU_SCA0067_B04_F01
cb102f40-b830-421d-9853-02e40c7be5d4,Page 11,"Jackson, Sheldon, 1834-1909",Compiler,,Box 4 Folder 1,Page,Ephemera,1 page,4.125 x 6.75 in.,No Copyright - United States,12/10/2019,ZWU_SCA0067_B04_F01
9d72d626-d41e-4978-b0ff-7efb5410f118,Page 12- The Alaskan; The Territorial Board Of Education,"Jackson, Sheldon, 1834-1909",Compiler,1887-07-23; 0000-07-14,Box 4 Folder 1,Page,Ephemera,1 page,4.125 x 6.75 in.,No Copyright - United States,12/10/2019,ZWU_SCA0067_B04_F01
cd8c034d-085d-4ae3-8bfd-1f9e5759f54f,"Page 13- Sitka, Alaska; Office of General Agent Of Education In Alaska","Jackson, Sheldon, 1834-1909",Compiler,1887-07-16; 1887-07-15,Box 4 Folder 1,Page,Ephemera,1 page,4.125 x 6.75 in.,No Copyright - United States,12/10/2019,ZWU_SCA0067_B04_F01
0d3bb69d-eee2-4e9e-9aeb-23e8ab663524,"Page 14- Sitka, Alaska; Sitka, Alaska","Jackson, Sheldon, 1834-1909",Compiler,1887-07-16; 1887-07-18,Box 4 Folder 1,Page,Ephemera,1 page,4.125 x 6.75 in.,No Copyright - United States,12/10/2019,ZWU_SCA0067_B04_F01
22b00642-7ecc-41c5-9cf8-7ccbbff468ed,"Page 15- Sitka, Alaska ","Jackson, Sheldon, 1834-1909",Compiler,2000-07-19,Box 4 Folder 1,Page,Ephemera,1 page,4.125 x 6.75 in.,No Copyright - United States,12/10/2019,ZWU_SCA0067_B04_F01
1324164c-383a-43d6-90c8-36a9753d9774,Page 16,"Jackson, Sheldon, 1834-1909",Compiler,,Box 4 Folder 1,Page,Ephemera,1 page,4.125 x 6.75 in.,No Copyright - United States,12/10/2019,ZWU_SCA0067_B04_F01
fd215b87-bf5b-4b66-8074-431f03b9b91f,Page 17,"Jackson, Sheldon, 1834-1909",Compiler,,Box 4 Folder 1,Page,Ephemera,1 page,4.125 x 6.75 in.,No Copyright - United States,12/10/2019,ZWU_SCA0067_B04_F01
87c200c9-6057-497b-8dec-2304682f8b97,"Page 18- Sitka, Alaska; Bureau Of Education, Department Of The Interior, Washington, D.C","Jackson, Sheldon, 1834-1909",Compiler,1887-08-16; 1887-07-25,Box 4 Folder 1,Page,Ephemera,1 page,4.125 x 6.75 in.,No Copyright - United States,12/10/2019,ZWU_SCA0067_B04_F01
26af285e-55da-4c08-8d4c-8bbddadabcae,"Page 19- Sitka, Alaska","Jackson, Sheldon, 1834-1909",Compiler,1887-08-22,Box 4 Folder 1,Page,Ephemera,1 page,4.125 x 6.75 in.,No Copyright - United States,12/10/2019,ZWU_SCA0067_B04_F01
77980bc4-9a11-4b07-93f3-7a6307070fbb,Page 20,"Jackson, Sheldon, 1834-1909",Compiler,,Box 4 Folder 1,Page,Ephemera,1 page,4.125 x 6.75 in.,No Copyright - United States,12/10/2019,ZWU_SCA0067_B04_F01
31a43bcc-43f8-42aa-8ee9-28e314a6cfd9,Page 21,"Jackson, Sheldon, 1834-1909",Compiler,,Box 4 Folder 1,Page,Ephemera,1 page,4.125 x 6.75 in.,No Copyright - United States,12/10/2019,ZWU_SCA0067_B04_F01
41ea6253-5f58-40f2-8dad-d638e4733917,Page 22,"Jackson, Sheldon, 1834-1909",Compiler,,Box 4 Folder 1,Page,Ephemera,1 page,4.125 x 6.75 in.,No Copyright - United States,12/10/2019,ZWU_SCA0067_B04_F01
99536906-1ed1-4cb9-9ff5-37b5c45aa295,"Page 23 The Territorial Board of Education; Sitka,Alaska; Sitka, Alaska","Jackson, Sheldon, 1834-1909",Compiler,1887-08-23; 1887-08-24; 1884-08-24,Box 4 Folder 1,Page,Ephemera,1 page,4.125 x 6.75 in.,No Copyright - United States,12/10/2019,ZWU_SCA0067_B04_F01
f3250a2d-2f94-465b-8e01-fb80986e1da7,Page 24,"Jackson, Sheldon, 1834-1909",Compiler,,Box 4 Folder 1,Page,Ephemera,1 page,4.125 x 6.75 in.,No Copyright - United States,12/10/2019,ZWU_SCA0067_B04_F01
3fb4fb64-6aac-4f96-b497-12de718661ea,Page 25,"Jackson, Sheldon, 1834-1909",Compiler,,Box 4 Folder 1,Page,Ephemera,1 page,4.125 x 6.75 in.,No Copyright - United States,12/10/2019,ZWU_SCA0067_B04_F01
f5455839-de76-4658-8c7a-efce1d31f254,"Page 26- Sitka, Alaska","Jackson, Sheldon, 1834-1909",Compiler,1887-08-24,Box 4 Folder 1,Page,Ephemera,1 page,4.125 x 6.75 in.,No Copyright - United States,12/10/2019,ZWU_SCA0067_B04_F01
17e4d49d-6c8e-49fd-be25-661d97d07fe3,Page 27,"Jackson, Sheldon, 1834-1909",Compiler,,Box 4 Folder 1,Page,Ephemera,1 page,4.125 x 6.75 in.,No Copyright - United States,12/10/2019,ZWU_SCA0067_B04_F01
a0a9157e-9d8a-4415-8238-16c9df94f91e,"Page 28- Sitka, Alaska","Jackson, Sheldon, 1834-1909",Compiler,1887-08-26,Box 4 Folder 1,Page,Ephemera,1 page,4.125 x 6.75 in.,No Copyright - United States,12/10/2019,ZWU_SCA0067_B04_F01
a1251a15-d693-4ae4-ab98-dc2293ef4b83,Page 29,"Jackson, Sheldon, 1834-1909",Compiler,,Box 4 Folder 1,Page,Ephemera,1 page,4.125 x 6.75 in.,No Copyright - United States,12/10/2019,ZWU_SCA0067_B04_F01
b697bff0-bd05-4585-98da-eab674fd8d27,"Page 30-  Sitka, Alaska","Jackson, Sheldon, 1834-1909",Compiler,1887-08-27,Box 4 Folder 1,Page,Ephemera,1 page,4.125 x 6.75 in.,No Copyright - United States,12/10/2019,ZWU_SCA0067_B04_F01
f4270a3b-67a3-4bbf-a6ca-45211515690d,"Page 31- Sitka, Alaska","Jackson, Sheldon, 1834-1909",Compiler,1887-09-27,Box 4 Folder 1,Page,Ephemera,1 page,4.125 x 6.75 in.,No Copyright - United States,12/10/2019,ZWU_SCA0067_B04_F01
9fb22fc5-5939-4fb0-a381-1284919d46ce,"Page 32- Sitka, Alaska","Jackson, Sheldon, 1834-1909",Compiler,1887-09-10,Box 4 Folder 1,Page,Ephemera,1 page,4.125 x 6.75 in.,No Copyright - United States,12/10/2019,ZWU_SCA0067_B04_F01
66407775-9608-4a91-aaf9-3a4f001d16d2,"Page 33- Sitka, Alaska","Jackson, Sheldon, 1834-1909",Compiler,1887-09-30,Box 4 Folder 1,Page,Ephemera,1 page,4.125 x 6.75 in.,No Copyright - United States,12/10/2019,ZWU_SCA0067_B04_F01
e5cc5c20-8ed6-48cd-8ce6-76606898ef32,"Page 34- Sitka, Alaska","Jackson, Sheldon, 1834-1909",Compiler,1887-10-18,Box 4 Folder 1,Page,Ephemera,1 page,4.125 x 6.75 in.,No Copyright - United States,12/10/2019,ZWU_SCA0067_B04_F01
fcae598d-7351-4f1a-b288-c0f573f3fffa,Page 35,"Jackson, Sheldon, 1834-1909",Compiler,,Box 4 Folder 1,Page,Ephemera,1 page,4.125 x 6.75 in.,No Copyright - United States,12/10/2019,ZWU_SCA0067_B04_F01
2e2d8b33-c5a3-48f3-94cd-7e2b8758c690,"Page 36- Sitka, Alaska","Jackson, Sheldon, 1834-1909",Compiler,1887-11-07,Box 4 Folder 1,Page,Ephemera,1 page,4.125 x 6.75 in.,No Copyright - United States,12/10/2019,ZWU_SCA0067_B04_F01
3e54893c-e51f-46c3-a76e-7f9cb3fa6cc2,Page 37,"Jackson, Sheldon, 1834-1909",Compiler,,Box 4 Folder 1,Page,Ephemera,1 page,4.125 x 6.75 in.,No Copyright - United States,12/10/2019,ZWU_SCA0067_B04_F01
4afd34fb-4f12-4bc5-b712-ee41f1d9776e,"Page 38- Sitka, Alaska","Jackson, Sheldon, 1834-1909",Compiler,1887-11-17,Box 4 Folder 1,Page,Ephemera,1 page,4.125 x 6.75 in.,No Copyright - United States,12/10/2019,ZWU_SCA0067_B04_F01
b4cb3af3-9d8f-4a90-a6f5-577603a7b82b,Page 39- The Alaskan,"Jackson, Sheldon, 1834-1909",Compiler,1887-07-1887,Box 4 Folder 1,Page,Ephemera,1 page,4.125 x 6.75 in.,No Copyright - United States,12/10/2019,ZWU_SCA0067_B04_F01
5cccd2e0-a793-4344-8229-0c90b6233084,Page 40,"Jackson, Sheldon, 1834-1909",Compiler,,Box 4 Folder 1,Page,Ephemera,1 page,4.125 x 6.75 in.,No Copyright - United States,12/10/2019,ZWU_SCA0067_B04_F01
f9f4e48a-babf-4460-bae5-b6ebf37ec619,"Part II, Alaska Trip, 1886, Sheldon Jackson","Jackson, Sheldon, 1834-1909",,,Box 2 Folder 2,Diaries,Diaries,68 pages,5.5 x 7.75 in.,No Copyright - United States,12/5/2019,ZWU_SCA0067_B02_F02_002
852b195b-7916-4b2f-95ba-65ded24fb2d1,"Part I, Memoranda of the Trip of the Steam Schooner Leo, Sheldon Jackson","Jackson, Sheldon, 1834-1909",,,Box 2 Folder 1,Diaries,Diaries,60 pages,5.25 x 7.75 in.,No Copyright - United States,12/20/2019,ZWU_SCA0067_B02_F01_001
b0f0ff22-917e-4568-89b9-b16cccda87b6,"Notes Taken in Denver, Colorado","Jackson, Sheldon, 1834-1909",,,Box 3 Folder 6,Diaries,Diaries,45 pages,5 x 7.5 in.,No Copyright - United States,12/6/2019,ZWU_SCA0067_B03_F06
ac08a2c6-43a3-489b-b479-c625f98dabf0,"Vol. 4 Memoranda, Sheldon Jackson, 1890","Jackson, Sheldon, 1834-1909",,,Box 3 Folder 4,Diaries,Diaries,80 pages,5.75 x 8.5 in.,No Copyright - United States,12/6/2019,ZWU_SCA0067_B03_F04
7a52f34f-efdf-443f-8917-63ac70764ac5,"Vol. 3 Memoranda Arctic Alaska, 1890, Sheldon Jackson","Jackson, Sheldon, 1834-1909",,,Box 3 Folder3,Diaries,Diaries,125 pages,5.5 x 8.5 in.,No Copyright - United States,12/6/2019,ZWU_SCA0067_B03_F03
1d846d8c-2cdd-4a8b-95b0-b83c4fb03741,"Vol. 2 Memoranda Arctic Alaska, 1890, Sheldon Jackson","Jackson, Sheldon, 1834-1909",,,Box 3 Folder 2,Diaries,Diaries,125 pages,5.75 x 8.5 in.,No Copyright - United States,12/6/2019,ZWU_SCA0067_B03_F02
7ee7cffc-30f8-44f0-b053-8c8e5f38804f,"Vol. I Memoranda Arctic Alaska, 1890, Sheldon Jackson","Jackson, Sheldon, 1834-1909",,,Box 3 Folder 1,Diaries,Diaries,125 pages,5.75 x 8.5 in.,No Copyright - United States,,ZWU_SCA0067_B03_F01
d7a6de52-3648-4e50-b8fa-a559a37a48df,Various Newspaper Clippings,,,,Box 3 Folder 5,Newspapers,Newspapers,103 pages,,No Copyright - United States,12/10/2019,ZWU_SCA0067_B03_F05
e518718c-5916-43e9-8a81-62de2999e3a6,Letter from Sheldon Jackson to his Parents and Sister,"Jackson, Sheldon, 1834-1909",Sender,,Box 1 Folder 33,Correspondence,Correspondence,4 pages,6.725 x 8.5 inches,No Copyright - United States,12/3/2019,ZWU_SCA0067_18551009
22cc2f4f-c962-45a2-9111-00d91a5c9341,Letter from Sheldon Jackson to his Parents,"Jackson, Sheldon, 1834-1909",Sender,,Box 1 Folder 73,Text,Correspondence,1 page,5 x 8 in.,No Copyright - United States,12/19/2019,ZWU_SCA0067_18701031
60e67c4e-3b50-44d5-a6a0-787e7aa13e35,"Letter from Mary Voorees Jackson to Delia Jackson, January 6, 1872","Jackson, Mary (Voorhees)",Sender,"January 6, 1872",Box 1 Folder 78,Text,Correspondence,2 pages,4.124 x 6.375 in.,No Copyright - United States,12/3/2019,ZWU_SCA0067_18720106
e1aed93d-6935-4252-964a-23b359bc2bae,"Letter from Mary Voorhees Jackson to Delia Jackson July 5, 1872","Jackson, Mary (Voorhees)",Sender,1872,Box 1 Folder 79,Text,Correspondence,2 pages,8 x 9 in.,No Copyright - United States,12/3/2019,ZWU_SCA0067_18720705
87534e85-b05e-49c7-b51e-2a196b5b44cb,"Letter from Mary Voorhees Jackson to Delia Jackson, October 18, 1872",,Sender,"October 18, 1872",Box 1 Folder 80,Text,Correspondence,3 pages,5.125 x 16 in.,No Copyright - United States,12/4/2019,ZWU_SCA0067_18721018
f6854043-40ce-4db3-8e2e-94c0544a63dc,"Letter from Clarissa Mead to Delia Jackson, 1873","Mead, Clarissa",Sender,1873,Box 1 Folder 81,Text,Correspondence,6 pages,5 x 8.125 in.,No Copyright - United States,12/4/2019,ZWU_SCA0067_18730000
a960a734-5797-4513-a653-c736bd848560,"Letter from Mary Voorhees Jackson to Delia Jackson, June 20, 1874","Jackson, Mary (Voorhees)",Sender,"June 20, 1874",Box 1 Folder 82,Text,Correspondence,2 pages,5.125 x 8.125 in.,No Copyright - United States,12/4/2019,ZWU_SCA0067_18740620
51cdd7a7-cbc0-481a-87fb-969ad6b6eccb,"Letter from Mary Voorhees Jackson to Delia Jackson September 30, 1875","Jackson, Mary (Voorhees)",Sender,1875,Box 1 Folder 83,Text,Correspondence,4 pages,5.125 x 8.125 in. ; 4.125 x 6 in.,No Copyright - United States,12/4/2019,ZWU_SCA0067_18750930
ba6176fa-e1a8-4741-97d4-3f38c6f9ed28,"Letter from Mary Voorhees Jackson to Delia Jackson, October 2, 1875","Jackson, Mary (Voorhees)",Sender,"October 2, 1875",Box 1 Folder 84,Text,Correspondence,2 pages,5.125 x 8.125 in.,No Copyright - United States,12/4/2019,ZWU_SCA0067_18751002
66fa0440-43a7-4350-b4cb-a3a82cf3c5f6,"Letter from Mary Voorhees Jackson to Delia Jackson, October 7, 1875","Jackson, Mary (Voorhees)",Sender,"October 7, 1875",Box 1 Folder 85,Text,Correspondence,1 page,5.125 x 8.125 in.,No Copyright - United States,12/4/2019,ZWU_SCA0067_18751007
4a4c90ae-4b6a-4924-90a0-91356c7383b3,"Letter from Mary Voorhees Jackson and Delia Jackson, October 16, 1875","Jackson, Mary (Voorhees)",Sender,"October 16, 1875",Box 1 Folder 86,Text,Correspondence,4 pages,5.125 x 8.125 in.,No Copyright - United States,12/4/2019,ZWU_SCA0067_18751016
81959d20-45d0-4d17-96dd-2c2e124fceb8,"Letter from Sheldon Jackson to his Children, March 27, 1876","Jackson, Sheldon, 1834-1909 (uri: http://id.loc.gov/authorities/names/n89631173)",Sender,"March 27, 1876",Box 1 Folder 87,Text,Correspondence,2 pages,8 x 12.375 in.,No Copyright - United States,12/4/2019,ZWU_SCA0067_18760327
357e1962-6344-470f-97ba-f275a4bfa8b0,"Letter from Sheldon Jackson to his Parents, January 5, 1877","Jackson, Sheldon, 1834-1909 (uri: http://id.loc.gov/authorities/names/n89631173)",Sender,"January 5, 1877",Box 1 Folder88,Text,Correspondence,1 page,5 x 8.125 in.,No Copyright - United States,12/4/2019,ZWU_SCA0067_18770105
b4fcb6ad-3fd6-4a4c-8764-e19571f4bcb8,"Letter from Sheldon Jackson to Mary Voorhees Jackson, June 16, 1877","Jackson, Sheldon, 1834-1909 (uri: http://id.loc.gov/authorities/names/n89631173)",Sender,"June 16, 1877",Box 1 Folder 89,Text,Correspondence,5 pages,5.125 x 8.125 in. ; 2.5 x 2.5 in.,No Copyright - United States,12/4/2019,ZWU_SCA0067_18770616
73e67dfa-bd9d-4ecd-9669-3b78fda7d931,"Letter from Sheldon Jackson to his Parents, August 2, 1877","Jackson, Sheldon, 1834-1909 (uri: http://id.loc.gov/authorities/names/n89631173)",Sender,"August 2, 1877",Box 1 Folder 8,Text,Correspondence,2 pages,8.125 x 10 in.,No Copyright - United States,12/4/2019,ZWU_SCA0067_18770802
0515cd18-a170-4043-95a6-7234bb74be20,"Letter from Mary Voorhees Jackson to Delia Jackson, August 29, 1877","Jackson, Mary (Voorhees)",Sender,"August 29, 1877",Box 1 Folder 91,Text,Correspondence,4 pages,5.125 x 8.125,No Copyright - United States,12/4/2019,ZWU_SCA0067_18770829
c7e46749-98ab-40e4-b6d1-2c5cf14741ad,"Letter from Sheldon Jackson to his Parents, August 2, 1877","Jackson, Sheldon, 1834-1909 (uri: http://id.loc.gov/authorities/names/n89631173)",Sender,"August 2, 1877",Box 1 Folder 90,Text,Correspondence,2 pages,8.125 x 10 in.,No Copyright - United States,12/4/2019,ZWU_SCA0067_18780802
d1292daa-ad8a-4d42-b8a9-f62998637169,"Letter from Mary Voorhees Jackson to Delia Jackson, August 2, 1878","Jackson, Mary (Voorhees)",Sender,"August 2, 1878",Box 1 Folder 92,Text,Correspondence,8 pages,4.375 x 7.125 in.,No Copyright - United States,12/4/2019,ZWU_SCA0067_18780802
67968e7f-9e0e-4350-afb8-6ae52c75e892,"Letter from Mary Voorhees Jackson to Delia Jackson, July 8, 1879","Jackson, Mary (Voorhees)",Sender,"July 8, 1879",Box 1 Folder 93,Text,Correspondence,4 pages,4.75 x 8.125 in.,No Copyright - United States,12/4/2019,ZWU_SCA0067_18790708
8f4c9d47-7104-49c8-acf8-a8dc436b0838,"Letter from Mary Voorhees Jackson to Delia Jackson, November 26, 1881","Jackson, Mary (Voorhees)",Sender,"November 26, 1881",Box 1 Folder 94,Text,Correspondence,2 pages,5.25 x 8.125 in.,No Copyright - United States,12/4/2019,ZWU_SCA0067_18811126
ec5382e7-e9f1-41f4-a20b-86f9fc82ce68,"Letter from Mary Voorhees Jackson to Delia Jackson, December 14, 1881","Jackson, Mary (Voorhees)",Sender,"December 14, 1881",Box 1 Folder 95,Text,Correspondence,4 pages,5.125 x 8.125 in.,No Copyright - United States,12/4/2019,ZWU_SCA0067_18811214
7d5f747e-924d-420b-a6dd-edc55d248d89,"Letter from Sheldon Jackson to Mary Voorhees Jackson, December 10, 1883","Jackson, Sheldon, 1834-1909 (uri: http://id.loc.gov/authorities/names/n89631173)",Sender,"December 10, 1883",Box 1 Folder 96,Text,Correspondence,,5.125 x 8.375 in.,No Copyright - United States,12/4/2019,ZWU_SCA0067_18831210
afa1b651-db39-4141-967d-152bbb1b6c9e,"Letter from Paris, Sociètè de Geographie to Sheldon Jackson, May 1, 1884 ",,Sender,"May 1, 1884",Box 1 Folder 97,Text,Correspondence,2 pages,8.375 x 10.75 in.,No Copyright - United States,12/4/2019,ZWU_SCA0067_18840501
6a6fa0dc-cc36-4f9b-8965-2a6aae98146b,"Letter from Sprague + Fontaine to Sheldon Jackson, October 18, 1884","Sprague, J.B.",Sender,"October 18, 1884",Box 1 Folder 98,Text,Correspondence,3 pages,5.125 x 8.125,No Copyright - United States,12/4/2019,ZWU_SCA0067_18841018
c38c32fc-a3ff-4d8b-ba0f-0eafe2c821ba,"Letter from Sprague + Fontaine to Sheldon Jackson, January 29, 1885","Sprague, J.B.",Sender,"January 29, 1885",Box 1 Folder 99,Text,Correspondence,2 pages,5.125 x 8.125 in.,No Copyright - United States,12/4/2019,ZWU_SCA0067_18850129
0d73570b-4c2c-4022-a4c3-dba850805cfc,"Letter from George Norcross to Sheldon Jackson, February 25, 1885","Norcross, George, 1838-1915",Sender,"February 25, 1885",Box 1 Folder 100,Text,Correspondence,2 pages,8.125 x 10.75 in.,No Copyright - United States,12/4/2019,ZWU_SCA0067_18850225
5bae34f1-f8af-4323-aa60-b960b21ef4c8,"Letter from Sprague + Fontaine to Sheldon Jackson, May 19, 1885","Sprague, J.B.",Sender,"May 19, 1885",Box 1 Folder101,Text,Correspondence,4 pages,5.5 x 8.375 in. ; 5.125 x 8.25 in,No Copyright - United States,12/4/2019,ZWU_SCA0067_18850519
03b0d3f8-fadb-447f-b7c0-9e7321ae30ed,"Letter from Sheldon Jackson to George Norcross, May 19, 1886","Jackson, Sheldon, 1834-1909 (uri: http://id.loc.gov/authorities/names/n89631173)",Sender,"May 19, 1886",Box 1 Folder 102,Text,Correspondence,3 pages,7.875 x 9.875 in.,No Copyright - United States,12/4/2019,ZWU_SCA0067_18860519
34cc0c4b-8cef-4ccc-905d-8cf9b2b46513,"Letter from Sheldon Jackson to George Norcross, August 17, 1886","Jackson, Sheldon, 1834-1909 (uri: http://id.loc.gov/authorities/names/n89631173)",Sender,"August 17, 1886",Box 1 Folder 103,Text,Correspondence,3 pages,5.125 x 8.125 in.,No Copyright - United States,12/4/2019,ZWU_SCA0067_18860817
c7334bdd-8a3b-4328-b8ac-2ec70f61e263,"Letter from Sheldon Jackson to his Mother, February 23, 1887","Jackson, Sheldon, 1834-1909 (uri: http://id.loc.gov/authorities/names/n89631173)",Sender,"February 23, 1887",Box 1 Folder 104,Text,Correspondence,1 page,7.875 x 6.875 in.,No Copyright - United States,12/4/2019,ZWU_SCA0067_18870223
0a3f6819-b97e-46b8-830c-df44187a8620,"Letter from N. H. R. Dawson to Sheldon Jackson, May 14, 1887","Dawson, Nathaniel Henry Rhodes, 1829-1895",Sender,"May 14, 1887",Box 1 Folder 105,Text,Correspondence,1 page,7.5 x 11.25 in.,No Copyright - United States,12/4/2019,ZWU_SCA0067_18870514
c56d0987-b937-4fe2-8cd0-4702c8f9e43d,"Letter from Juan Petroff to Sheldon Jackson, March 6, 1888","Petroff, Juan",Sender,"March 6, 1888",Box 1 Folder 106,Text,Correspondence,1 page,5.125 x 8.125 in.,No Copyright - United States,12/4/2019,ZWU_SCA0067_18880306
82b09cc2-b421-4136-afdf-ba7542a2b709,"Letter from Mary Voorhees Jackson to Louise Jackson, June 20, 1889","Jackson, Mary (Voorhees)",Sender,"June 20, 1889",Box 1 Folder 107,Text,Correspondence,8 pages,5.125 x 8.125 in.,No Copyright - United States,12/4/2019,ZWU_SCA0067_18890620
630002c0-6267-4e02-8758-70838c7e7ea1,"Letter from Mary Voorhees Jackson to Louise Jackson, August 8, 1889","Jackson, Mary (Voorhees)",Sender,"August 8, 1889",Box 1 Folder 108,Text,Correspondence,6 pages,5.125 x 8.125,No Copyright - United States,12/4/2019,ZWU_SCA0067_18890808
73ce7c34-513b-466a-b359-94c55093a273,"Letter from Mary Voorhees Jackson to Louise Jackson, August 29, 1889","Jackson, Mary (Voorhees)",Sender,"August 29, 1889",Box 1 Folder 109,Text,Correspondence,6 pages,5.125 x 8.125 in.,No Copyright - United States,12/4/2019,ZWU_SCA0067_18890829
84463044-458d-4f1f-8e95-9ac03185c67a,"Letter from Mary Voorhees Jackson to Louise Jackson, September 24, 1889","Jackson, Mary (Voorhees)",Sender,"September 24, 1889",Box 1 Folder 110,Text,Correspondence,4 pages,5.125 x 8.125 in.,No Copyright - United States,12/4/2019,ZWU_SCA0067_18890924
11574483-be13-41cb-bd11-d646a12af8a5,"Letter from Mary Voorhees Jackson to Louise Jackson, October 3, 1889","Jackson, Mary (Voorhees)",Sender,"October 3, 1889",Box 1 Folder 111,Text,Correspondence,8 pages,5.125 x 8.125 in.,No Copyright - United States,12/4/2019,ZWU_SCA0067_18891003
748e9e52-18e9-40b9-b51e-27da4a032f89,"Letter from Sheldon Jackson to his Sister, November 19, 1889","Jackson, Sheldon, 1834-1909 (uri: http://id.loc.gov/authorities/names/n89631173)",Sender,"November 19, 1889",Box 1 Folder 112,Text,Correspondence,2 pages,7.875 x 9.875 in.,No Copyright - United States,12/4/2019,ZWU_SCA0067_18891119
91166602-d928-4db9-8bce-136e8339c9e5,"Letter from Sheldon Jackson to Mary Voorhees Jackson, August 21, 1897","Jackson, Sheldon, 1834-1909 (uri: http://id.loc.gov/authorities/names/n89631173)",Sender,"August 21, 1897",Box 1 Folder 113,Text,Correspondence,12 pages,8.375 x 10.875 in. ; 4.5 x 9.75,No Copyright - United States,12/4/2019,ZWU_SCA0067_18970821
a41c971e-76f1-4392-8d29-4f9e65935a28,"Letter from Sheldon Jackson to W. T. Harris, January 6, 1898","Jackson, Sheldon, 1834-1909 (uri: http://id.loc.gov/authorities/names/n89631173)",Sender,"January 6, 1898",Box 1 Folder 114,Text,Correspondence,2 pages,8 x 10.5 in.,No Copyright - United States,12/4/2019,ZWU_SCA0067_18980106
6fbf852d-5245-4a03-a1d0-18dca925a33c,"Letter from Sheldon Jackson to George Edwards, September 16, 1903","Jackson, Sheldon, 1834-1909 (uri: http://id.loc.gov/authorities/names/n89631173)",Sender,16-Sep-03,Box 1 Folder 115,Text,Correspondence,16 pages,8.125 x 10.625 in. ; 7.75 x 10 in.,No Copyright - United States,12/4/2019,ZWU_SCA0067_19030916
edc1ff0f-199f-4623-9c85-b3145a8c1769,"Letter from Knickerbocker Publishing Company to Sheldon Jackson, November 27, 1905",,Sender,27-Nov-05,Box 1 Folder 116,Text,Correspondence,1 page,8.625 x 11.125 in.,No Copyright - United States,12/4/2019,ZWU_SCA0067_19051127
e0e7149e-a44e-4f27-ae3a-0d3d36a07bfb,"Letter from J. H Dulles to Sheldon Jackson, December 29, 1905","Dulles, J.H.",Sender,29-Dec-05,Box 1 Folder 117,Text,Correspondence,1 page,8.125 x 6 in.,No Copyright - United States,12/4/2019,ZWU_SCA0067_19051229
96e94072-8293-4e74-aa20-b66bb4c42155,"Letter from Presbyterian Historical Society to Sheldon Jackson, April 4, 1909",,Sender,4-Apr-09,Box 1 Folder118,Text,Correspondence,2 pages,8.5 x 11 in.,No Copyright - United States,12/4/2019,ZWU_SCA0067_19090404
5b61b9ed-98dc-410a-bb6c-d8d2fdba3aa0,"Letter from Cassia Patten to Elizabeth Lesley Jackson, June 20, 1910","Patten, Cassia",Sender,20-Jun-10,Box 1 Folder 119,Text,Correspondence,4 pages,6.875 x 10.625 in.; 5.5 x 6.875 in.,No Copyright - United States,12/4/2019,ZWU_SCA0067_19100620
3c9d00d7-2bf2-4ed0-9c21-7f75e9468245,"Letter from E. G Bridgham to Delia Jackson, November 24, 1913","Bridgham, E.G.",Sender,24-Nov-13,Box 1 Folder 120,Text,Correspondence,2 pages,8.5 x 11.125 in.,No Copyright - United States,12/4/2019,ZWU_SCA0067_19131124
abd94f5f-8552-4e10-bcac-f4783794e032,"Letter from Thomas Riggs to Delia Jackson, January 2, 1919","Riggs, Thomas",Sender,2-Jan-19,Box 1 Folder 121,Text,Correspondence,2 pages,8 x 10.75 in.,No Copyright - United States,12/4/2019,ZWU_SCA0067_19190102
097fd029-8ff9-436a-b9ae-3105026ceb6a,"Letter from James H. Condit to Elizabeth Lesley Jackson, September 19, 1928","Condit, James H.",Sender,19-Sep-28,Box 1 Folder 122,Text,Correspondence,1 page,8.5 x 11 in.,No Copyright - United States,12/4/2019,ZWU_SCA0067_19280919
2cd77e92-f705-46ab-8a14-be6e237043eb,"List of Appointed Positions, Approx. 1879",,,1879,Box 2 Folder 8,Text,Ephemera,1 page,7.5 x 9.5 in.,No Copyright - United States,12/5/2019,ZWU_SCA0067_B02_F08_008
5ec18ef6-a333-4dc6-8e67-be80f9b5a98d,"Indenture for Property in Sitka, Alaska, Approx. 1890",,,1890,Box 2 Folder7,Text,Ephemera,4 pages,8.5 x 14.125 in.,No Copyright - United States,12/5/2019,ZWU_SCA0067_B02_F07_007
059f02e5-19fe-4703-85af-533189012295,"Extract the Records of the Presbytery of Southern Minnesota, September 26, 1868",,,"September 26, 1868",Box 2 Folder 6,Text,Ephemera,2 pages,8 x 12.5 in.,No Copyright - United States,12/5/2019,ZWU_SCA0067_B02_F06_006
d8d94f54-f8e5-46bd-b05e-143c6c7216f8,"Annotated History of the Presbyterian Mission in New Mexico, Approx. 1881",,,1881,Box 2 Folder 5,Text,Ephemera,2 pages,9.5 x 21 in.,No Copyright - United States,12/5/2019,ZWU_SCA0067_B02_F05_005
a46137a6-d391-4536-9891-bf66a02c7bda,"Annotated Envelope from from the Department of Interior, Date Unknown",,,Date Unknown,Box 2 Folder 4,Text,Ephemera,1 page,4 x 9 in.,No Copyright - United States,12/5/2019,ZWU_SCA0067_B02_F04_004
d583726c-f9fa-4f04-8e8b-cf7e70097094,Dr. Sheldon Jackson Correspondence Received,,,,Box 3 Folder 7,,Ephemera,1 page,,No Copyright - United States,12/9/2019,ZWU_SCA0067_B03_F07
5c27b7d0-3aa2-4eb6-9508-7f8dcef621a3,"Receipt for shoes, March 10, 1885",,,"March 10, 1885",Box 3 Folder 7_002,Text,Financial Documents,2 pages,7.75 x 5 in.,No Copyright - United States,12/9/2019,ZWU_SCA0067_B03_F07_002
80472187-68e1-41d3-9f71-82bc0447ea5c,"Account Reckoning for Sheldcon Jackson from Sitka Trading Company for the period of January 12, 1885 to March 15, 1885",,,"January 12, 1885 to March 15, 1885",Box 3 Folder 7_003,Text,Financial Documents,2 pages,8.75 x 14.125 in.,No Copyright - United States,12/9/2019,ZWU_SCA0067_B03_F07_003
a1916cb2-00c8-416b-940c-12db829ff286,"Account Reckoning for Sheldon Jackson from Sitka Trading Company for the period from August 11, 1884 to January 5, 1885 ",,,"August 11, 1884 to January 5, 1885 ",Box 3 Folder7_004,Text,Financial Documents,2 pages,8.75 x 14.125 in.,No Copyright - United States,12/9/2019,ZWU_SCA0067_B03_F07_004
17611309-f7b1-40b3-83a1-96ac4476d7d5,"Account Reckoning for Sheldon Jackson from North West Trading Company, Sitka, Alaska, for the period from January 1885 to March 13, 1885 ",,,"January 1885 to March 13, 1885 ",Box 3 Folder 7_005,Text,Financial Documents,3 pages,8.125 x 18.75 in.,No Copyright - United States,12/9/2019,ZWU_SCA0067_B03_F07_005
bf4ffc2f-eab5-4eb4-99e7-5804dd3de6c1,Recommendation for Request of $500 for the Board of Church Erection from New Mexico,,,,Box 3 Folder 7_006,Text,Financial Documents,1 page,8.125 x 5.5 in.,No Copyright - United States,12/9/2019,ZWU_SCA0067_B03_F07_006
de1be747-0b55-4755-8bd6-59cfe9e54f20,Receipt for Payment of $12.80 to Synod at Colorado Springs and Appeasements Paid to Various Churches,,,,Box 3 Folder 7_007,Text,Financial Documents,1 page,5.125 x 8.125 in.,No Copyright - United States,12/9/2019,ZWU_SCA0067_B03_F07_007
09eb855e-c33e-4593-ac29-9867e81ba3fd,Recommendation for Synodical Apeso for Payment to Reimburse Travellers,,,,Box 3 Folder 7_008,Text,Ephemera,2 pages,8.25 x 3 in.,No Copyright - United States,12/9/2019,ZWU_SCA0067_B03_F07_008
6181defd-51d3-44a0-b38e-6b68d6de9d3d,Receipt for Purchases for the Mission Home addressed to Mary Caplan,,,,Box 3 Folder 7_009,Text,Financial Documents,2 pages,6.5 x 9.625 in.,No Copyright - United States,12/9/2019,ZWU_SCA0067_B03_F07_009
9932bffb-af8b-4ea5-af7a-f9d10aba8e2b,List of States with Possible Payments,,,,Box 3 Folder 7_010,Text,Ephemera,1 page,7.75 x 9.75 in,No Copyright - United States,12/9/2019,ZWU_SCA0067_B03_F07_010
a3072417-e5ee-4187-9bba-4fff6e8e83f6,Record of the Commemoration of the 100th Anniversary of the Founding of Union College,,,,Box 3 Folder 8,Text,Ephemera,2 pages,8.5 x 11.5 in.,No Copyright - United States,12/9/2019,ZWU_SCA0067_B03_F08
e6dd8161-d9df-4831-babd-fdb6165a5b6b,"Records Pertaining to the Museum of Natural History and Ethnology in Sitka, Alaska, 1887-1919",,,1887-1919,Box 3 Folder 9,Text,Ephemera,128 pages,,No Copyright - United States,12/9/2019,ZWU_SCA0067_B03_F09
ba96b585-4965-4f0f-95ce-fea957106520,Records Pertaining to the Presbyterian Mission in Arizona,,,,Box 3 Folder10,Text,Ephemera,2 pages,5 x 8 in.,No Copyright - United States,12/9/2019,ZWU_SCA0067_B03_F10
ac490acc-352f-4c4e-a9d0-99ddd2027078,"Records Pertaining to the Presbyterian Mission in Colorado, 1877 - 1878",,,1877 - 1878,Box 3 Folder11,Text,Ephemera,56 pages,,No Copyright - United States,12/9/2019,ZWU_SCA0067_B03_F11
f48c4775-f78c-4da5-a5a7-898cc5325267,"Sermon, Sheldon Jackson, 1862","Jackson, Sheldon, 1834-1909 (uri: http://id.loc.gov/authorities/names/n89631173)",,1862,"Box 4, Folder 2",Text,Speeches,44 pages,4.125 x 6.5 in.,No Copyright - United States,12/10/2019,ZWU_SCA0067_B04_F02
691f416b-77df-4e7c-802a-ce3cb24a16db,Statement and Extracts of the History of the Presbytery of Winona,,Sender,,"Box 4, Folder 3",Text,Ephemera,19 pages,,No Copyright - United States,12/10/2019,ZWU_SCA0067_B04_F03
b1b63736-87c8-4a6b-80ed-00dd90fed79f,Synodical Papers and Church Organization,,,,"Box 4, Folder 4",Text,Ephemera,24 pages,,No Copyright - United States,12/10/2019,ZWU_SCA0067_B04_F04
a597bd18-90c9-4d5d-9e04-fed9bb2f26cc,Transfer of Guardianship of Michael Healy Woolfe to Sheldon Jackson,,,,"Box 4, Folder 5",Text,Ephemera,4 pages,,No Copyright - United States,12/10/2019,ZWU_SCA0067_B04_F05
5a327503-a985-42fe-927c-72c39306cdba,"Memoranda Expenses 1887-1891, Notebook","Jackson, Sheldon, 1834-1909 (uri: http://id.loc.gov/authorities/names/n89631173)",,1887-1891,Box 2 Folder 9,Text,Financial Documents,135 pages,4.25 x 6.75 in.,No Copyright - United States,12/19/2019,ZWU_SCA0067_B02F09
6a225cd0-513c-4692-aadd-8eb78da0cb59,"Part III, Alaska Trip, 1886, Sheldon Jackson","Jackson, Sheldon, 1834-1909 (uri: http://id.loc.gov/authorities/names/n89631173)",,1886,Box 2 Folder 3,Text,Diaries,24 pages,4.5 x 6.5 in.,No Copyright - United States,12/5/2019,ZWU_SCA0067_B02_F03_003